,Name,Date,Email,Password
0,Сніжана Якимчук,2002-11-29,qartymovych@example.com,pFZ3iBye_w
1,Михайлина Іщак,1991-05-07,wbairak@example.net,#5u9Dxw8+$
2,Юстина Яценко,2003-06-28,oksana21@example.net,@7yD*u+!ht
3,Дарина Онищенко,1983-11-30,zlatoslava50@example.com,15hKlBIh(+
4,пан Венедикт Бабариченко,1984-02-15,dupliialbina@example.net,4COK$dJ@!#
5,Анастасія Євтушенко,1989-04-28,jshukhevych@example.net,J(^6OEBklh
6,Вадим Малишко,1978-05-19,hkyrylenko@example.org,+IJ*y2PjGQ
7,Руслан Дутка,1979-03-01,danyloholyk@example.com,_7cFAfmxA2
8,Азар Луценко,1995-06-12,iustym38@example.com,^9vk*n3hhZ
9,Марко Гайворонський,1999-01-25,varvara04@example.com,LA981QBp6*
10,Федір Таран,1970-08-20,solomon50@example.com,D0F44AqjG^
11,Марʼяна Радченко,1986-03-02,venedykt11@example.com,_&1s2yVu77
12,Богдан Акуленко,1972-12-19,zlaba@example.net,05DkQyhx!9
13,Єва Яремчук,2001-10-15,khudobiakbohdanna@example.net,!2GTjzCLWZ
14,Андрій Токар,2001-01-12,kanivetshavrylo@example.net,X4o!7rDlqQ
15,Ганна Фаренюк,1994-09-21,sviatoslav41@example.com,H&2EpaghaK
16,Тереза Ковпак,1973-04-07,ikozachenko@example.net,+&Tk0tWzC_
17,Захар Микитюк,2003-02-23,lukiantsybulenko@example.com,FC_3vUMmJN
18,пан Яків Вітрук,1982-01-18,dmytro17@example.org,HC1M%hHf&3
19,Ліза Пелех,1982-06-14,hrudko@example.org,vt65SlPx#T
20,Едита Щириця,1973-11-13,spas15@example.com,7gY4ABoG+D
21,Степан Михайлюк,1964-12-16,cdubas@example.com,n8#vYTo2(#
22,Ігор Ісаєвич,1972-06-14,davyd62@example.net,2@0NOLmfH@
23,Аарон Гупало,1978-11-10,babenkodanna@example.net,N86C@Yho&)
24,Леонтій Литвин,1977-04-28,durdynetshalyna@example.com,HS00WM5w)(
25,Аліна Гаєвський,2004-08-10,ustymshvachko@example.com,$x#XKWV2r0
26,Марʼяна Єрошенко,1991-06-20,zchumachenko@example.com,O!9iqKc!zl
27,Захар Москаль,1979-10-04,kolesnychenkovarvara@example.net,Et9edS#jB#
28,Еріка Шеремет,1980-08-16,ydziuba@example.org,vr3+ZSly_o
29,Ада Литвин,2001-10-02,qiarosh@example.net,)w@2(aOvI5
30,Гаврило Артим,1972-08-25,halynatiahnybok@example.com,)WEzcsUj+6
31,Аліна Доценко,2001-06-19,nkorbut@example.com,#Md6WoJhYf
32,Ліза Затула,1999-12-05,hsych@example.com,P0a0AwpO!8
33,Геннадій Єрошенко,1987-02-20,viacheslav82@example.org,h@PgOQfp+7
34,Марія Затовканюк,1970-05-23,vadym40@example.net,V8OKevop^7
35,Арсен Корпанюк,1992-02-16,liliia68@example.com,PQTBo1he&6
36,Ярослава Чабан,2002-07-04,herman-zakharchenko@example.org,YhOG6czd#1
37,Климент Саєнко,1975-03-01,ldashkevych@example.com,Uk$8)UGrO%
38,Марина Забашта,1970-07-02,lhuzenko@example.org,^#Tv0Eg%&!
39,Марʼяна Вишиваний,1983-11-14,tzaruba@example.com,2m8HQkqR)0
40,Єфрем Атрощенко,1970-05-06,tsisykpanteleimon@example.net,9FB8qtDn(3
41,Охрім Юрчишин,2001-09-25,iustynadanko@example.com,*6xAPVtn*y
42,Єлисавета Гаврилишин,1973-03-19,edyta56@example.org,&47_Th9T@x
43,Лілія Верхола,1993-10-22,bakumenkoihnat@example.org,!@L4zAThv*
44,Наталія Дейнеко,1981-04-15,varfolomiinalyvaiko@example.net,&jjcU#gHp1
45,Нестор Савенко,1993-10-23,anita90@example.net,%%N7UNyF+7
46,пан Станіслав Байдак,1970-06-04,rrubets@example.net,+6Vs9pCpNn
47,пан Демид Карпа,1972-09-15,iefremtereshchuk@example.com,!mwa9THs&1
48,Алла Бабич,1991-03-06,danylovashchuk@example.org,y_70QYt0&B
49,Омелян Бабій,1978-08-18,albertbabiichuk@example.com,(u8XBMwko9
50,Ілля Вітер,1988-08-14,mykhailoieroshenko@example.org,$W8ObIcr*X
51,пані Ірена Наливайко,1988-05-07,sirchenkodemyd@example.net,(5XOb(qsB@
52,Богодар Вовк,1973-08-27,roksolana96@example.net,)uZ!xDZ_@6
53,Теодор Дубина,1986-05-09,ielysaveta27@example.net,%9qAluWv(9
54,Прохір Давиденко,1969-10-18,rostyslav38@example.net,#86h$8#eBO
55,Опанас Дубас,2005-03-28,myroslav84@example.net,J&z#t7Zpui
56,Амвросій Адаменко,2006-01-27,iryna87@example.org,33nD#fuh+k
57,Ілля Бандурка,2003-04-15,havrylosamoilenko@example.com,xqsrApce)3
58,пані Сніжана Гавриш,1997-03-26,marta90@example.net,@F1xLMtdM9
59,Єва Скорик,1999-01-13,lhaivoronskyi@example.org,6U65XDpCR%
60,Аркадій Дубенко,1988-03-01,pavlenkoklavdiia@example.org,Mj7EGc3o#9
61,пан Пантелеймон Авдєєнко,1983-03-06,perebyinismyron@example.org,$2!TaVE3v*
62,Валентина Наливайко,1994-09-09,wasaula@example.org,$GM_LgqY(1
63,пан Андрій Єщенко,1998-04-02,zlatoslava04@example.com,@FGodkTf0Z
64,Анжела Таран,1976-06-24,sviatoslavsliusar@example.com,$9Y*E1Ubj8
65,пан Леонтій Демиденко,1998-12-30,zarudnyidmytro@example.org,8yEX6LfF_+
66,Аніта Забарний,1982-10-13,amaliiavashchenko@example.org,*8@r6D2hO5
67,Михайлина Арсенич,1971-08-14,ivasiukiukhym@example.org,&nQx+g+973
68,Світлана Алексюк,1986-04-24,dmytrocharnysh@example.com,s9HKvr&(!6
69,Семен Товстоліс,1982-02-16,vadymatroshchenko@example.com,$@1G3cbvfk
70,Аврелій Рудько,2003-11-19,iefymenkopriska@example.com,17r2ABxk^J
71,Еріка Чалий,1990-07-22,zoriansirko@example.net,_(oIkSaz!7
72,Альбіна Кабалюк,1993-02-12,dfomenko@example.org,%G3ONSfa&s
73,Марта Корж,1991-06-06,vzatula@example.net,^u(64DtswN
74,Емілія Вернигора,1983-09-17,arkadii26@example.com,3E)2Poi1Cd
75,пані Софія Данько,1992-08-31,aarontykhyi@example.org,4eq7CAKo&C
76,Панас Аврамчук,2004-07-07,bohdannashvedchenko@example.org,)(oW7A@wFZ
77,Варвара Онуфрієнко,1986-01-13,martalytvynenko@example.org,y+5lZ8GN5m
78,пані Надія Сірко,2001-05-01,demian38@example.com,z^90OmkTV3
79,Хома Свистун,1998-10-02,onishchukiustyna@example.org,PV((42Sm_N
80,Сергій Бабʼяк,2005-01-10,avernyhora@example.net,Cl7YfSNq$t
81,Левко Матвієнко,2005-04-16,volodymyra79@example.net,xy*M9PajHk
82,Єлисавета Демʼянюк,1965-04-12,adamavramchuk@example.org,WM4V2Ivz$!
83,Ярина Мазепа,1971-09-16,olenazabarnyi@example.org,%05jtTv#!J
84,Лариса Петрик,1979-07-10,hlib49@example.net,8yH^y+Fd)z
85,Аліна Бабенко,2002-03-20,haidenkoanzhela@example.net,yZ228Ff5@)
86,Олена Дзюба,1987-06-13,mderhach@example.com,^NH$oozv7S
87,Дарина Гречко,2002-02-26,amaliia89@example.com,)!4Nk_^$XF
88,Прохір Андрусенко,1967-07-04,maksymfranchuk@example.org,P(8zHwt#30
89,Дарина Скиба,1980-02-20,tsiutsiuraorysia@example.net,o_88qAFhOo
90,Камілла Гавриленко,1984-11-08,dtymchuk@example.org,bS84Jxou2#
91,Семен Артимишин,1970-04-09,danyliuksymon@example.org,7#ph6Aucg)
92,Віолетта Дурдинець,1996-05-10,verkholatymofii@example.com,_46GLero!X
93,Марʼяна Андріїшин,1994-08-26,nosenkosvitlana@example.net,O3l0HYs0(N
94,пані Наталія Царенко,1989-12-31,hshchors@example.net,AT670Opva@
95,Миколай Франко,1998-04-21,cherinkolarysa@example.net,G0$VxLyV)1
96,Златослава Гупало,1980-02-10,adam26@example.net,Qo!c22ElXJ
97,Тереза Корбут,1999-01-31,banduraalla@example.net,#Je8YJyqU#
98,Ігнат Дергач,1981-01-28,orysiakhrystenko@example.net,j*61!CbB@o
99,Ліза Жайворон,2001-11-10,leonid46@example.org,oni09yQoG+
